"job_id","job_title","company_name","job_location","job_schedule_type","salary_year_avg","job_posted_date","job_work_from_home"
226942,"Data Analyst","Mantys","Anywhere","Full-time","650000.0","2023-02-20",1
606801,"AI Architect","Bosch Group","Pune, Maharashtra, India","Full-time","267000.0","2023-11-21",""
65852,"Sr. Data Engineer","Visa","Bengaluru, Karnataka, India","Full-time","249000.0","2023-08-09",""
155009,"Principal Data Scientist","GSK","India","Full-time","204381.0","2023-11-07",""
1441031,"Computer Vision Research Engineer","Bosch Group","Bengaluru, Karnataka, India","Full-time","200000.0","2023-01-16",""
374128,"Machine Learning Engineer II","Expedia Group","Gurugram, Haryana, India","Full-time","190000.0","2023-11-02",""
754083,"Staff ML Engineer","Mindtickle","Pune, Maharashtra, India","Full-time","185500.0","2023-05-26",""
1093089,"Senior ML Engineer","Hinge Health","Bengaluru, Karnataka, India","Full-time","185500.0","2023-01-05",""
16827,"Tech lead : Sr. ML Engineer","Bosch Group","Bengaluru, Karnataka, India","Full-time","185500.0","2023-03-03",""
1127754,"Research Scientist - AI Ethics & Responsible AI Leader","Quantiphi","India","Full-time","183000.0","2023-11-03",""
696902,"Senior Data Operations Engineer, EF Data","Bristol Myers Squibb","India","Full-time","181765.0","2023-12-22",""
356750,"Senior Research Engineer  I ( Hydrology / Hydraulics)","Verisk","Hyderabad, Telangana, India","Full-time","177283.0","2023-06-20",""
1642893,"Staff Applied Research Engineer","ServiceNow","Hyderabad, Telangana, India","Full-time","177283.0","2023-06-28",""
119328,"Data Scientist","KONE","India","Full-time","170575.0","2023-11-01",""
562667,"Staff Engineer - Data Scientist","Micron Technology","India","Full-time","170575.0","2023-11-14",""
176045,"Data Scientist - Retail / Mobility","Shell","India","Full-time","170575.0","2023-10-30",""
534979,"Senior Data Scientist","Equifax","India","Full-time","170575.0","2023-11-01",""
234792,"AI Data Scientist","Shell","India","Full-time","170500.0","2023-11-22",""
1794403,"Data Scientist (all genders)","HRS","India","Full-time","170500.0","2023-12-09",""
1498606,"Senior Data Scientist, Causal Inference","Deliveroo","India","Full-time","170500.0","2023-12-01",""
541783,"Sr Data Scientist","Target","India","Full-time","170000.0","2023-12-22",""
417747,"Senior Data Scientist","Cargill","India","Full-time","170000.0","2023-12-20",""
520909,"Principal Data Engineer","Blueprint Technologies","Anywhere","Full-time","169500.0","2023-06-19",1
1417381,"Head of DataOps & Render Support","Framestore","Mumbai, Maharashtra, India","Full-time","166419.5","2023-06-01",""
69694,"Head of Data Science, Analytics and BI","Carousell Group","India","Full-time","166419.5","2023-07-25",""
1098299,"Senior Machine Learning Engineer","Uniphore","India","Full-time","166000.0","2023-08-10",""
990427,"Machine Learning Engineer - Data Pre-processing, Pipeline, Streaming","Zscaler","Bengaluru, Karnataka, India","Full-time","166000.0","2023-05-15",""
538495,"Machine Learning Engineer","InMobi","Bengaluru, Karnataka, India","Full-time","166000.0","2023-07-20",""
456582,"Machine Learning Engineer","ServiceNow","Hyderabad, Telangana, India","Full-time","166000.0","2023-01-10",""
1658474,"Machine Learning Engineer | Hybrid, Bangalore, India","Optiv","Bengaluru, Karnataka, India","Full-time","166000.0","2023-04-06",""
113377,"Staff Machine Learning Engineer ,AI as Services","Visa","Bengaluru, Karnataka, India","Full-time","166000.0","2023-02-04",""
416266,"Sr. Machine Learning Engineer","Visa","Bengaluru, Karnataka, India","Full-time","166000.0","2023-04-28",""
1063630,"Senior Machine Learning Engineer","Toast","Bengaluru, Karnataka, India","Full-time","166000.0","2023-07-19",""
871562,"Machine Learning Engineer","ServiceNow","Hyderabad, Telangana, India","Full-time","166000.0","2023-04-06",""
563436,"Machine Learning Engineer","Ethos","Bengaluru, Karnataka, India","Full-time","166000.0","2023-05-25",""
954793,"Data Architect 2023","Bosch Group","Bengaluru, Karnataka, India","Full-time","165000.0","2023-01-12",""
271081,"Data Architect ( Performance Engineering  Architect )","Eurofins","Bengaluru, Karnataka, India","Full-time","165000.0","2023-05-06",""
1412615,"#10294#1-Data Architect ( ETL , DevOps, data migration)","Qualitest","Noida, Uttar Pradesh, India","Full-time","165000.0","2023-07-11",""
1041666,"Data Architect - Data Migration","Bosch Group","Bengaluru, Karnataka, India","Full-time","165000.0","2023-05-06",""
283661,"Technical Data Architect - Healthcare","Srijan Technologies","Gurugram, Haryana, India","Full-time","165000.0","2023-05-10",""
406320,"Data Architect","Eagle Genomics Ltd","Hyderabad, Telangana, India","Full-time","163782.0","2023-02-07",""
781346,"Data Architect","Eagle Genomics Ltd","Hyderabad, Telangana, India","Full-time","163782.0","2023-07-06",""
1472866,"Data Scientist (all genders)","HRS","India","Full-time","162500.0","2023-12-20",""
860247,"Data Scientist","Gartner","India","Full-time","162500.0","2023-12-23",""
948893,"Sr. Cybersecurity Engineer (Hadoop Data engineering-Hadoop...","Visa","Bengaluru, Karnataka, India","Full-time","161160.0","2023-03-01",""
1511030,"Data Scientist","AppZen, Inc.","Pune, Maharashtra, India","Full-time","157500.0","2023-06-15",""
448709,"Data Scientist- EVG","Visa","Bengaluru, Karnataka, India","Full-time","157500.0","2023-04-28",""
1291078,"Data Scientist","HashiCorp","Noida, Uttar Pradesh, India","Full-time","157500.0","2023-07-07",""
1198466,"Senior Data Scientist","Everstream Analytics","India","Full-time","157500.0","2023-07-04",""
131071,"SR. DATA SCIENTIST","Optiv","Bengaluru, Karnataka, India","Full-time","157500.0","2023-01-03",""
1404867,"Data Scientist III","InMobi","Bengaluru, Karnataka, India","Full-time","157500.0","2023-03-06",""
1368549,"Senior Data Scientist","Publicis Groupe","Bengaluru, Karnataka, India","Full-time","157500.0","2023-06-27",""
1584041,"Senior Principal Data Scientist ( Marketing)","tiket.com","India","Full-time","157500.0","2023-03-20",""
154706,"Sr. Data Scientist","Visa","Bengaluru, Karnataka, India","Full-time","157500.0","2023-02-07",""
1514932,"Data Scientist","Ethos","Bengaluru, Karnataka, India","Full-time","157500.0","2023-03-13",""
347329,"Senior Data Scientist","Visa","Bengaluru, Karnataka, India","Full-time","157500.0","2023-06-05",""
294929,"Data Scientist","Syngenta Group","Hyderabad, Telangana, India","Full-time","157500.0","2023-01-26",""
1809702,"Data Scientist","Sutherland","Chennai, Tamil Nadu, India","Full-time","157500.0","2023-07-04",""
67520,"Senior Data Scientist","Tesco Bengaluru","Bengaluru, Karnataka, India","Full-time","157500.0","2023-03-14",""
456970,"Sr Data Scientist","Zscaler","Bengaluru, Karnataka, India","Full-time","157500.0","2023-01-12",""
445552,"Data Scientist","Nielsen","Bengaluru, Karnataka, India","Full-time","157500.0","2023-06-20",""
1518976,"Data Scientist BLR","Visa","Bengaluru, Karnataka, India","Full-time","157500.0","2023-01-10",""
312572,"Data Scientist","NielsenIQ","Pune, Maharashtra, India","Full-time","157500.0","2023-03-15",""
1432554,"IND (New) Data Scientist, Data Management","Quantium","Hyderabad, Telangana, India","Full-time","157500.0","2023-02-13",""
433111,"Sr. Data Scientist","Capco","Bengaluru, Karnataka, India","Full-time","157500.0","2023-07-13",""
1342276,"Sr. Data Scientist","Zeta","Bengaluru, Karnataka, India","Full-time","157500.0","2023-06-15",""
1614463,"Senior Staff Data Scientist","Freshworks","Bengaluru, Karnataka, India","Full-time","157500.0","2023-02-05",""
750392,"Senior Data Scientist","Ramboll","Chennai, Tamil Nadu, India","Full-time","157500.0","2023-07-11",""
872162,"Staff Data Scientist - NLP","Visa","Bengaluru, Karnataka, India","Full-time","157500.0","2023-06-07",""
515645,"Sr. Data Scientist","Visa","Bengaluru, Karnataka, India","Full-time","157500.0","2023-05-16",""
1042832,"Senior Data Scientist","Truecaller","Bengaluru, Karnataka, India","Full-time","157500.0","2023-02-09",""
1544807,"Data Scientist –ML, DL, Python","Capco","Bengaluru, Karnataka, India","Full-time","157500.0","2023-07-21",""
1568202,"Senior Data Scientist","Snowflake Inc.","Pune, Maharashtra, India","Full-time","157500.0","2023-06-19",""
1284486,"Data Scientist - Communcation Platform","GoTo Group","Bengaluru, Karnataka, India","Full-time","157500.0","2023-08-22",""
931894,"Data Science - Senior Data Scientist ( Credit Risk Modelling )","Paytm","Noida, Uttar Pradesh, India","Full-time","157500.0","2023-06-21",""
806925,"Data Scientist","DAZN","Hyderabad, Telangana, India","Full-time","157500.0","2023-06-19",""
885432,"Senior Data Scientist","Bosch Group","Bengaluru, Karnataka, India","Full-time","157500.0","2023-01-11",""
1068607,"Senior Data Scientist","Snowflake Inc.","Pune, Maharashtra, India","Full-time","157500.0","2023-02-13",""
545770,"Data Scientist (Analyst)","Visa","Bengaluru, Karnataka, India","Full-time","157500.0","2023-01-14",""
60327,"Data Scientist - GoTo Logistic","GoTo Group","Bengaluru, Karnataka, India","Full-time","157500.0","2023-08-16",""
1672800,"Senior Data Scientist","Zscaler","Bengaluru, Karnataka, India","Full-time","157500.0","2023-06-20",""
251076,"Data Scientist","Bosch Group","Bengaluru, Karnataka, India","Full-time","157500.0","2023-02-14",""
1240284,"Data Scientist/Specialist, Data Science - (R-13694)","Dun & Bradstreet","Hyderabad, Telangana, India","Full-time","157500.0","2023-02-07",""
1276405,"Sr. Data Scientist(Oil and Natural Gas domain)","Bosch Group","Bengaluru, Karnataka, India","Full-time","157500.0","2023-01-13",""
832946,"Data Scientist","Jumio","Jaipur, Rajasthan, India","Full-time","157500.0","2023-01-25",""
312987,"Data Scientist","Silent Eight","India","Full-time","157500.0","2023-07-19",""
1175205,"Senior Principal Data Engineer","GSK","India","Full-time","156500.0","2023-11-13",""
1202415,"Data Engineer - SQL (Power BI)","Gartner","India","Full-time","156500.0","2023-10-31",""
269694,"Specialist – Data Engineer","Philips","India","Full-time","156000.0","2023-11-08",""
576462,"Manager - Data Engineering","Philips","India","Full-time","156000.0","2023-11-09",""
1227902,"Sr Data Engineer","Visa","Bengaluru, Karnataka, India","Full-time","156000.0","2023-10-23",""
1565998,"Data Engineer I (R-15364)","Dun & Bradstreet","Hyderabad, Telangana, India","Full-time","155904.5","2023-11-21",""
762982,"Senior Data Engineer (R-15365)","Dun & Bradstreet","Hyderabad, Telangana, India","Full-time","155904.5","2023-11-22",""
372626,"Data Engineer-Senior Associate-P&T","PwC","India","Full-time","155500.0","2023-12-06",""
572506,"Lead Data Engineer (m/f/d)","HRS","India","Full-time","155500.0","2023-12-10",""
468127,"Machine Learning Engineer","Deliveroo","India","Full-time","155183.5","2023-10-24",""
145117,"Data Engineer","S&P Global","India","Full-time","155000.0","2023-12-15",""
54129,"Sr Data Engineer","S&P Global","India","Full-time","155000.0","2023-12-15",""
37669,"Senior Principal Data Engineer","Merck Group","India","Full-time","155000.0","2023-12-11",""
471000,"Senior Data Engineer, Enabling Functions Data Product Enablement","Bristol Myers Squibb","India","Full-time","153500.0","2023-12-28",""
1446569,"Sr Data Engineer - Territory Innovation","Gartner","India","Full-time","153500.0","2023-12-29",""
1693146,"Machine Learning Engineer","Quantiphi","India","Full-time","152500.0","2023-11-30",""
560679,"NLP Research Scientist/Engineer","ASAPP","Bengaluru, Karnataka, India","Full-time","149653.0","2023-08-22",""
523276,"Senior Research Scientist","NielsenIQ","Chennai, Tamil Nadu, India","Full-time","149653.0","2023-03-23",""
902996,"Sr Research Scientist/Engineer","ServiceNow","Hyderabad, Telangana, India","Full-time","149653.0","2023-02-27",""
1208757,"Sr Applied Research Scientist","ServiceNow","Hyderabad, Telangana, India","Full-time","149637.5","2023-01-13",""
924793,"Data Engineer - Sr. Consultant","Visa","Bengaluru, Karnataka, India","Full-time","147500.0","2023-08-10",""
1168095,"Senior Data Engineer","Visa","Bengaluru, Karnataka, India","Full-time","147500.0","2023-01-22",""
1205796,"Data Engineer","Armis Security","New Delhi, Delhi, India","Full-time","147500.0","2023-01-24",""
729612,"Analytics Engineer","DAZN","Hyderabad, Telangana, India","Full-time","147500.0","2023-03-07",""
1489158,"Data Engineer","ThoughtSpot","Bengaluru, Karnataka, India","Full-time","147500.0","2023-05-15",""
1532965,"EDE3-Senior Data Engineer","Bosch Group","India","Full-time","147500.0","2023-08-17",""
655309,"Sr. Manager, Data Engineering & Analytics","Databricks","Bengaluru, Karnataka, India","Full-time","147500.0","2023-02-27",""
102013,"Sr Data Engineer","Visa","Bengaluru, Karnataka, India","Full-time","147500.0","2023-06-17",""
461119,"Engineering Manager - Search & Recommendation Data Engineering","Wayfair Inc.","Bengaluru, Karnataka, India","Full-time","147500.0","2023-05-04",""
752047,"Data Engineer","Ethos","Bengaluru, Karnataka, India","Full-time","147500.0","2023-09-01",""
27254,"Data Engineer","Tookitaki","Bengaluru, Karnataka, India","Full-time","147500.0","2023-05-01",""
931735,"Senior Data Engineer","Gemini","Gurugram, Haryana, India","Full-time","147500.0","2023-03-30",""
1400831,"Staff Data Engineer (Kafka, Java)","Visa","Bengaluru, Karnataka, India","Full-time","147500.0","2023-03-29",""
1298294,"Senior Data Engineer - Python, GCP, Big Query","Srijan Technologies","India","Full-time","147500.0","2023-02-17",""
1402908,"Sr. Data Engineer - ASM Analytics","Visa","Bengaluru, Karnataka, India","Full-time","147500.0","2023-04-12",""
1062464,"Senior Data Engineer (Evergreen)","Visa","Bengaluru, Karnataka, India","Full-time","147500.0","2023-06-17",""
1199417,"Data Engineer","Smartek21.com","Chennai, Tamil Nadu, India","Full-time","147500.0","2023-06-27",""
1530960,"Data Engineer - India","Cermati.com","Bengaluru, Karnataka, India","Full-time","147500.0","2023-05-29",""
947844,"Senior Analytics Engineer - Looker","Deliveroo","India","Full-time","147500.0","2023-08-31",""
1794852,"Senior Data Engineer","insightsoftware","Hyderabad, Telangana, India","Full-time","147500.0","2023-06-14",""
590079,"Senior Data Engineer","DAZN","Hyderabad, Telangana, India","Full-time","147500.0","2023-08-26",""
584525,"Staff Engineer, Data Analytics Engineering","Western Digital","Bengaluru, Karnataka, India","Full-time","147500.0","2023-03-26",""
98618,"SDE-III, Data Engineering","InMobi","Bengaluru, Karnataka, India","Full-time","147500.0","2023-06-15",""
109268,"Senior Data Engineer,India","CockroachDB","Bengaluru, Karnataka, India","Full-time","147500.0","2023-02-24",""
562873,"Data Engineer","Rockstar Games","Bengaluru, Karnataka, India","Full-time","147500.0","2023-06-29",""
234730,"Senior Data Engineer","Cowbell","Pune, Maharashtra, India","Full-time","147500.0","2023-02-01",""
339566,"Sr. Manager, Portfolio Data Engineering","Addepar","Pune, Maharashtra, India","Full-time","147500.0","2023-05-18",""
281613,"Senior Data Engineer","Visa","Bengaluru, Karnataka, India","Full-time","147500.0","2023-01-07",""
253178,"Staff Data Engineer - Full Stack","Visa","Bengaluru, Karnataka, India","Full-time","147500.0","2023-01-18",""
513278,"Chapter Area Lead in Data Chapter Domain, Data Engineering ...","Bosch Group","Bengaluru, Karnataka, India","Full-time","147500.0","2023-08-24",""
147675,"Sr Data Engineer (Power BI)","ServiceNow","Bengaluru, Karnataka, India","Full-time","147500.0","2023-08-18",""
757563,"Sr. Data Engineer","Visa","Bengaluru, Karnataka, India","Full-time","147500.0","2023-02-14",""
1474919,"Technical Lead Data Engineer ( Tableau + Power BI )","Srijan Technologies","India","Full-time","147500.0","2023-03-02",""
1466689,"Senior Data Engineer","Tresata","Bengaluru, Karnataka, India","Full-time","147500.0","2023-08-11",""
182834,"Senior Data Engineer - Power BI","Srijan Technologies","Gurugram, Haryana, India","Full-time","147500.0","2023-05-11",""
93605,"Senior Data Engineer – Data warehouse","Visa","Bengaluru, Karnataka, India","Full-time","147500.0","2023-02-19",""
1797681,"Senior Data Engineer - ADAP","Appen","Hyderabad, Telangana, India","Full-time","147500.0","2023-07-17",""
1534296,"Senior Data Engineer","Axiado","Hyderabad, Telangana, India","Full-time","147500.0","2023-01-26",""
277581,"Data Engineer - AdTech","DAZN","Hyderabad, Telangana, India","Full-time","147500.0","2023-08-22",""
450601,"Senior Data Engineer","Airbnb","Bengaluru, Karnataka, India","Full-time","147500.0","2023-01-20",""
753225,"Senior Data Engineer","insightsoftware","Hyderabad, Telangana, India","Full-time","147500.0","2023-01-27",""
1136762,"Machine Learning Data Engineer","Pattern","Pune, Maharashtra, India","Full-time","147500.0","2023-01-25",""
998418,"Data Engineer - Sr. Consultant level","Visa","Bengaluru, Karnataka, India","Full-time","147500.0","2023-05-05",""
518756,"Data Engineer","IQ-EQ","Hyderabad, Telangana, India","Full-time","147500.0","2023-02-09",""
1332892,"Senior Data Engineer","Visa","Bengaluru, Karnataka, India","Full-time","147500.0","2023-04-19",""
56810,"Staff Data Engineer - Spark, Scala","Visa","Bengaluru, Karnataka, India","Full-time","147500.0","2023-03-06",""
1725122,"Senior Software Engineer - Data Engineering (Java/Spark/Timeseries DB)","Zscaler","Bengaluru, Karnataka, India","Full-time","147500.0","2023-08-01",""
1079191,"Sr. Data Engineer - Test Automation(QA)","Visa","Bengaluru, Karnataka, India","Full-time","147500.0","2023-02-02",""
1028352,"Senior Analytics Engineer - Data Engineer","Deliveroo","Hyderabad, Telangana, India","Full-time","147500.0","2023-06-05",""
932752,"Sr. Data Engineer","Visa","Bengaluru, Karnataka, India","Full-time","147500.0","2023-03-08",""
701796,"Data Engineer - Python","NielsenIQ","Pune, Maharashtra, India","Full-time","147500.0","2023-01-14",""
768950,"Architect Data Engineer","Credera","Hyderabad, Telangana, India","Full-time","147500.0","2023-08-24",""
525444,"Data Engineering Manager","Verisk","Mumbai, Maharashtra, India","Full-time","147500.0","2023-03-23",""
533655,"Senior Manager, Data Engineering","Gemini","Gurugram, Haryana, India","Full-time","147500.0","2023-07-17",""
391704,"Staff Data Engineer - Big Data","Visa","Bengaluru, Karnataka, India","Full-time","147500.0","2023-01-14",""
292430,"Staff Data Engineer (Spark, Python, Hadoop)","Visa","Bengaluru, Karnataka, India","Full-time","147500.0","2023-06-07",""
136159,"Technical Lead Data Engineer - Power BI, Tableau","Srijan Technologies","India","Full-time","147500.0","2023-05-26",""
70204,"Customer Data Engineer","Databricks","Bengaluru, Karnataka, India","Full-time","147500.0","2023-08-10",""
61338,"Data Engineer","dentsu international","Navi Mumbai, Maharashtra, India","Full-time","147500.0","2023-07-20",""
12961,"Lead Software Engineer, Data Engineering","Poshmark","Chennai, Tamil Nadu, India","Full-time","147500.0","2023-07-31",""
841137,"Data Engineer II","Verisk","Mumbai, Maharashtra, India","Full-time","147500.0","2023-01-13",""
573365,"Data Engineer","Bosch Group","Bengaluru, Karnataka, India","Full-time","147500.0","2023-05-14",""
826909,"Software Dev Engineer III - Data Engineering","Tesco Bengaluru","Bengaluru, Karnataka, India","Full-time","147500.0","2023-07-08",""
773200,"Data Engineer I - (R-13551)","Dun & Bradstreet","Mumbai, Maharashtra, India","Full-time","147500.0","2023-01-05",""
796522,"Data Engineer - G4405","Nisum","Hyderabad, Telangana, India","Contractor","147500.0","2023-01-30",""
726908,"Senior Data Engineer","AiDash","Gurugram, Haryana, India","Full-time","147500.0","2023-04-06",""
563362,"Staff Data Engineer – Analytics","Visa","Bengaluru, Karnataka, India","Full-time","147500.0","2023-02-19",""
1318798,"Sr. Cybersecurity Engineer - Hadoop Data Engineering","Visa","Bengaluru, Karnataka, India","Full-time","147500.0","2023-04-19",""
402077,"Sr. Data Engineer","Databricks","Bengaluru, Karnataka, India","Full-time","147500.0","2023-02-28",""
1788511,"Data Engineer - Senior Software Engineer","Paytm","Bengaluru, Karnataka, India","Full-time","147500.0","2023-05-29",""
332809,"Data Engineer - Talend Snowflakes","NECSWS","Mumbai, Maharashtra, India","Full-time","147500.0","2023-06-30",""
175679,"Senior Software Engineer - Data Engineering (Java/Spark)","Zscaler","Bengaluru, Karnataka, India","Full-time","147500.0","2023-05-27",""
158186,"Analytics Engineer","Arcadia","Chennai, Tamil Nadu, India","Full-time","147500.0","2023-01-23",""
163492,"Customer Data Engineer","Databricks","Bengaluru, Karnataka, India","Full-time","147500.0","2023-06-16",""
161467,"Data Engineer","Verisk","New Delhi, Delhi, India","Full-time","147500.0","2023-06-16",""
1455999,"Senior Data Engineer -AWS & Databricks","Srijan Technologies","Gurugram, Haryana, India","Full-time","147500.0","2023-05-10",""
410479,"Data Engineer - Segmentation","GoTo Group","Hyderabad, Telangana, India","Full-time","147500.0","2023-08-15",""
416856,"Data Engineer","Aptos","Bengaluru, Karnataka, India","Full-time","147500.0","2023-03-01",""
480366,"Data Engineer","Alation, Inc.","India","Full-time","147500.0","2023-06-06",""
1339340,"Drug Discovery Informatics Data Engineer, Hyderabad","Schrödinger","Hyderabad, Telangana, India","Full-time","147500.0","2023-06-27",""
654057,"Data Engineer","AppZen, Inc.","Pune, Maharashtra, India","Full-time","147500.0","2023-06-01",""
830298,"Data Engineering Manager","66degrees","Mysuru, Karnataka, India","Full-time","147500.0","2023-07-28",""
578836,"Staff Software Engineer - Data Engineering (Java/Spark)","Zscaler","Bengaluru, Karnataka, India","Full-time","147500.0","2023-05-26",""
794262,"Senior Data Engineer","Publicis Groupe","Bengaluru, Karnataka, India","Full-time","147500.0","2023-03-26",""
459222,"Lead Data Engineer, Kafka","ASAPP","Bengaluru, Karnataka, India","Full-time","147500.0","2023-03-14",""
631440,"Data Engineer II, Analytics","Vimeo, Inc.","Bengaluru, Karnataka, India","Full-time","147500.0","2023-03-27",""
199381,"Senior Data Engineer","Snowflake Inc.","Pune, Maharashtra, India","Full-time","147500.0","2023-04-13",""
76902,"Senior Software Engineer, Data Engineering","Poshmark","Chennai, Tamil Nadu, India","Full-time","147500.0","2023-03-06",""
19087,"Data Engineer (Cloud) - Offshore","Egen","Hyderabad, Telangana, India","Full-time","147500.0","2023-04-27",""
1707552,"Data Engineer","Bosch Group","Bengaluru, Karnataka, India","Full-time","147500.0","2023-02-09",""
1437515,"Data Engineer","ServiceNow","Hyderabad, Telangana, India","Full-time","147500.0","2023-01-23",""
54925,"Data Analytics Engineer - DBT / DW Modeling","Cover Genius","Mumbai, Maharashtra, India","Full-time","147500.0","2023-06-30",""
417018,"Senior Data Engineer","Verisk","Mumbai, Maharashtra, India","Full-time","147500.0","2023-03-22",""
1391712,"Sr Principal Data Engineer","OneTrust","Bengaluru, Karnataka, India","Full-time","147500.0","2023-08-29",""
679127,"Data Engineer","BitGo","Bengaluru, Karnataka, India","Full-time","147500.0","2023-03-22",""
1087783,"Sr. Customer Success Engineer ( Big Data, Spark, Cloud, Data...","Databricks","Bengaluru, Karnataka, India","Full-time","147500.0","2023-02-27",""
552481,"Analytics Engineering Manager","Deliveroo","Hyderabad, Telangana, India","Full-time","147500.0","2023-03-13",""
775759,"Senior Data Engineer","Atlassian","Bengaluru, Karnataka, India","Full-time","147500.0","2023-05-04",""
165412,"Data Engineer - Bangalore","C3.ai","Bengaluru, Karnataka, India","Full-time","147500.0","2023-03-27",""
246532,"Data Engineer/ML","Tookitaki","India","Full-time","147500.0","2023-01-09",""
1102216,"Engineer (Data Engineer)","NielsenIQ","Pune, Maharashtra, India","Full-time","147500.0","2023-03-11",""
1450214,"Senior Engineer (Data Engineer)","NielsenIQ","Pune, Maharashtra, India","Full-time","147500.0","2023-02-22",""
1508316,"Data Engineer - Python","NielsenIQ","Pune, Maharashtra, India","Full-time","147500.0","2023-01-22",""
1194400,"Senior Data Engineer","Visa","Bengaluru, Karnataka, India","Full-time","147500.0","2023-03-15",""
1193577,"Data Engineer - GCP, snowflakes, ETL","NECSWS","Mumbai, Maharashtra, India","Full-time","147500.0","2023-04-05",""
496407,"Data Engineer EAC2 2023","Bosch Group","Coimbatore, Tamil Nadu, India","Full-time","147500.0","2023-04-13",""
466761,"Sr. Portfolio Data Engineer","Addepar","Pune, Maharashtra, India","Full-time","147500.0","2023-08-30",""
164591,"Manager, Data Engineering","Visa","Bengaluru, Karnataka, India","Full-time","147500.0","2023-02-19",""
234174,"Senior Data Engineer - Python, Spark, AWS, Airflow","NECSWS","Bengaluru, Karnataka, India","Full-time","147500.0","2023-07-13",""
468212,"Senior Data Engineer - Analytics","ASAPP","Bengaluru, Karnataka, India","Full-time","147500.0","2023-03-03",""
484723,"Data Engineer - Sr.Software Engineer - Automation & Technology...","dentsu international","Thane, Maharashtra, India","Full-time","147500.0","2023-06-20",""
1441500,"Senior Manager: Data Engineering","Visa","Bengaluru, Karnataka, India","Full-time","147500.0","2023-01-05",""
264778,"Engineer (Data Engineer)","NielsenIQ","Pune, Maharashtra, India","Full-time","147500.0","2023-02-17",""
56730,"Data Engineer 2","Publicis Groupe","Bengaluru, Karnataka, India","Full-time","147500.0","2023-02-11",""
756981,"Senior Data Engineer (ETL/Power BI/SQL)","Visa","Bengaluru, Karnataka, India","Full-time","147500.0","2023-02-07",""
1244562,"Data Engineer","Gemini","Gurugram, Haryana, India","Full-time","147500.0","2023-06-16",""
1063453,"Senior Data Engineer, Data Engineering","Atlassian","Bengaluru, Karnataka, India","Full-time","147500.0","2023-06-09",""
917322,"Data Engineer - Assistant Manager","Philips","India","Full-time","146384.5","2023-11-07",""
1058622,"Associate, Data Engineer","Micron Technology","India","Full-time","146000.0","2023-12-14",""
94295,"Data Engineer","Shell","India","Full-time","146000.0","2023-11-23",""
1165347,"Data Science Manager","Commonwealth Bank","India","Full-time","145000.0","2023-12-18",""
700089,"Sr Business Intelligence Analyst","Gartner","India","Full-time","142025.0","2023-11-02",""
245977,"Software Engineer (Backend)","Metabase","Bhopal, Madhya Pradesh, India","Full-time","140000.0","2023-09-10",""
172268,"BI Engineering Manager (Analytics Engineering)","Deliveroo","India","Full-time","139216.0","2023-09-05",""
426164,"Tech Prof-Data Science, Assoc","Halliburton","India","Full-time","139000.0","2023-12-21",""
108157,"Lead - Data Engineer","GoTo Group","Hyderabad, Telangana, India","Full-time","134241.0","2023-07-26",""
922223,"Data Engineer","Databricks","Bengaluru, Karnataka, India","Full-time","134241.0","2023-06-01",""
1586883,"Data Engineer","BitGo","Bengaluru, Karnataka, India","Full-time","134241.0","2023-07-05",""
704346,"Data Engineer","66degrees","Mysuru, Karnataka, India","Full-time","134241.0","2023-06-28",""
1071629,"Associate Director, Data Product Manager","Bristol Myers Squibb","India","Full-time","132500.0","2023-12-16",""
51450,"Data Scientist","Tesco Bengaluru","Bengaluru, Karnataka, India","Full-time","132500.0","2023-08-07",""
319058,"Lead Data Engineer","Visa","Bengaluru, Karnataka, India","Full-time","131580.0","2023-01-20",""
566622,"Lead Data Engineer","Vialto Partners","Hyderabad, Telangana, India","Full-time","131580.0","2023-07-20",""
1037234,"Lead Data Engineer","Visa","Bengaluru, Karnataka, India","Full-time","131580.0","2023-04-04",""
205177,"Lead Data Engineer","LCIPL","Mysuru, Karnataka, India","Full-time","131580.0","2023-06-29",""
68832,"Senior ML Engineer","Entropik Technologies","Bengaluru, Karnataka, India","Full-time","128682.0","2023-03-22",""
254529,"Senior Data Science Consultant","TE Connectivity","India","Full-time","126550.0","2023-12-23",""
1779787,"Senior Member Technical- MSBI Developer- Bangalore- Hybrid","Broadridge","India","Full-time","123000.0","2023-11-21",""
106601,"Data Scientist","PayPal","India","Full-time","121064.0","2023-11-23",""
333839,"Data Engineer (Python) - Territory Innovation","Gartner","India","Full-time","121000.0","2023-12-28",""
1518650,"Data Engineer- AWS","Gartner","India","Full-time","120000.0","2023-12-23",""
86740,"Data Engineer","FactSet","India","Full-time","120000.0","2023-11-02",""
1247324,"Success Engineer","Metabase","Anywhere","Full-time","120000.0","2023-10-16",1
984220,"Manager - Data Engineering","Marsh McLennan","India","Full-time","120000.0","2023-12-16",""
199825,"Data Engineer | 4 to 9 Years | Bangalore & Pune","Capgemini","India","Full-time","120000.0","2023-12-20",""
129328,"Data engineer - Azure","Gartner","India","Full-time","120000.0","2023-12-23",""
465445,"Senior Data Analyst","HARMAN International","India","Full-time","119250.0","2023-11-24",""
325402,"Senior Business & Data Analyst","Deutsche Bank","India","Full-time","119250.0","2023-11-21",""
1628043,"Senior Data Analyst, SAP BODS/IS","HARMAN International","India","Full-time","118640.0","2023-11-02",""
908967,"Sr. Enterprise Data Analyst","ACA Group","India","Full-time","118140.0","2023-12-21",""
180626,"Lead Data Scientist","Boeing","Bengaluru, Karnataka, India","Full-time","114516.0","2023-12-12",""
287149,"Manager - Applied Data Scientist","Tesco Bengaluru","Bengaluru, Karnataka, India","Full-time","113500.0","2023-06-15",""
1519378,"Applied Data Scientist - Ex Machina","C3.ai","Bengaluru, Karnataka, India","Full-time","113500.0","2023-04-06",""
464711,"Manager-Applied Data Scientist","Tesco Bengaluru","Bengaluru, Karnataka, India","Full-time","113500.0","2023-07-07",""
91984,"Senior Data Analyst","Vonage","Bengaluru, Karnataka, India","Full-time","111202.0","2023-01-13",""
475835,"Manager - Data Analyst","Upstox","Mumbai, Maharashtra, India","Full-time","111175.0","2023-04-18",""
494523,"Methods and Data Analyst","NielsenIQ","Pune, Maharashtra, India","Full-time","111175.0","2023-05-31",""
943701,"Data Analyst","Avaloq","Pune, Maharashtra, India","Full-time","111175.0","2023-01-18",""
601909,"Process and Data Analyst","Bosch Group","Bengaluru, Karnataka, India","Full-time","111175.0","2023-06-27",""
1118062,"Senior Data Analyst","Bottomline Technologies","Bengaluru, Karnataka, India","Full-time","111175.0","2023-09-04",""
1781493,"Data Analyst","Freshworks","Chennai, Tamil Nadu, India","Full-time","111175.0","2023-07-28",""
1018545,"Technical Data Analyst (India)","Addepar","Pune, Maharashtra, India","Full-time","111175.0","2023-07-06",""
1025126,"Data Analyst","Truecaller","Bengaluru, Karnataka, India","Full-time","111175.0","2023-02-15",""
1000626,"Senior Data Analyst with Python SQL - Bangalore","Capco","Bengaluru, Karnataka, India","Full-time","111175.0","2023-06-14",""
139674,"Senior Data Analyst- People Analytics","Pure Storage","Bengaluru, Karnataka, India","Full-time","111175.0","2023-09-01",""
403216,"Sr. Data Analyst (Tableau Developer)","Elastic","Bengaluru, Karnataka, India","Full-time","111175.0","2023-08-10",""
1301328,"Senior Data Analyst","project44","Bengaluru, Karnataka, India","Full-time","111175.0","2023-03-03",""
1382363,"Senior Data Analyst","Publicis Groupe","Bengaluru, Karnataka, India","Full-time","111175.0","2023-03-02",""
1406059,"Senior Data Analyst","Publicis Groupe","Bengaluru, Karnataka, India","Full-time","111175.0","2023-03-10",""
646083,"Data Analyst (Contractual Role)","Razorpay","Bengaluru, Karnataka, India","Contractor","111175.0","2023-09-04",""
63958,"Senior Data Analyst (SDA)  - Analytics","PhonePe","Bengaluru, Karnataka, India","Full-time","111175.0","2023-08-07",""
696686,"Data Analyst","ChargePoint","Gurugram, Haryana, India","Full-time","111175.0","2023-04-27",""
1127808,"Data Analyst - Procurement","Snowflake Inc.","Pune, Maharashtra, India","Full-time","111175.0","2023-03-06",""
814149,"Senior Methods and Data Analyst","NielsenIQ","Pune, Maharashtra, India","Full-time","111175.0","2023-03-10",""
895116,"Data Analyst 2","Publicis Groupe","Bengaluru, Karnataka, India","Full-time","111175.0","2023-03-29",""
1498936,"Data Analyst","DoorDash","Pune, Maharashtra, India","Full-time","111175.0","2023-07-07",""
558215,"Senior Data Analyst","Innovaccer","Noida, Uttar Pradesh, India","Full-time","111175.0","2023-06-28",""
1193233,"Sr. Portfolio Data Analyst","Addepar","Pune, Maharashtra, India","Full-time","111175.0","2023-08-22",""
696697,"Data Analyst/Senior Data Analyst - Customer Support and Services...","Arcadia","Chennai, Tamil Nadu, India","Full-time","111175.0","2023-01-31",""
1643119,"Mobility Data Analyst - IN/MKR","Bosch Group","Bengaluru, Karnataka, India","Full-time","111175.0","2023-08-08",""
1578311,"Data Analyst - Food Growth","GoTo Group","Bengaluru, Karnataka, India","Full-time","111175.0","2023-07-21",""
925148,"Data Analyst - Digital Ad's","DAZN","Hyderabad, Telangana, India","Full-time","111175.0","2023-01-31",""
309885,"Senior Analyst , Product Revenue (Data Analyst / Analytics)","Zscaler","Gurugram, Haryana, India","Full-time","111175.0","2023-02-24",""
998086,"Data Analyst","Poshmark","Chennai, Tamil Nadu, India","Full-time","111175.0","2023-06-12",""
1122466,"Data Analyst","Spotify","Mumbai, Maharashtra, India","Full-time","111175.0","2023-06-20",""
1777380,"Senior Data Analyst","Publicis Groupe","Mumbai, Maharashtra, India","Full-time","111175.0","2023-05-28",""
135517,"Data Analyst","Poshmark","Chennai, Tamil Nadu, India","Full-time","111175.0","2023-03-13",""
122647,"Senior Data Analyst","Deliveroo","India","Full-time","111175.0","2023-09-05",""
679592,"Senior Data Analyst- Metal & Mining","Verisk","New Delhi, Delhi, India","Full-time","111175.0","2023-08-19",""
554452,"Data Analyst - Operations - Onboarding and Subscription Management","Arcadia","Chennai, Tamil Nadu, India","Full-time","111175.0","2023-07-20",""
1655824,"Sr. Data Analyst - Product Analytics","Addepar","Pune, Maharashtra, India","Full-time","111175.0","2023-05-17",""
1751462,"Recruitment Data Analyst","Framestore","Mumbai, Maharashtra, India","Full-time","111175.0","2023-06-07",""
802861,"Data Engineer","Sterlite Technologies Limited","Anywhere","Full-time","110000.0","2023-02-28",1
61465,"Senior Market Research Analyst","Roche","India","Full-time","106983.5","2023-12-23",""
217399,"User Enablement Learning Technology and Data Manager","insightsoftware","Chennai, Tamil Nadu, India","Full-time","105650.0","2023-08-15",""
485259,"Product Data Manager - 3D","Media.Monks","New Delhi, Delhi, India","Full-time","105650.0","2023-05-24",""
640729,"Master Data Manager","Sinch","Bengaluru, Karnataka, India","Full-time","105650.0","2023-01-18",""
1112323,"Data Analyst","Myntra","Bengaluru, Karnataka, India","Full-time","105000.0","2023-09-01",""
614701,"Data Analyst","NielsenIQ","Mumbai, Maharashtra, India","Full-time","105000.0","2023-07-15",""
525119,"Executive - Credit Controller and Project Data Analyst","Ramboll","Hyderabad, Telangana, India","Full-time","105000.0","2023-07-20",""
563703,"Data Analyst - Transport","GoTo Group","Bengaluru, Karnataka, India","Full-time","105000.0","2023-06-27",""
682096,"Data Analyst - Finance","ZeroFox","Bengaluru, Karnataka, India","Full-time","105000.0","2023-07-13",""
456608,"Machine Learning Engineer","Quizizz","Bengaluru, Karnataka, India","Full-time","104668.0","2023-01-20",""
591307,"HR Data Operations Analyst","Clarivate","India","Full-time","104550.0","2023-11-07",""
315691,"Financial Data Analyst / Financial Analyst","Conga","Ahmedabad, Gujarat, India","Full-time","104500.0","2023-01-05",""
1431,"Data Analyst","Glean","Bengaluru, Karnataka, India","Full-time","102500.0","2023-03-20",""
1526060,"IN RBIN Dy. Manager/ Asst Manager Data Analyst  MFC","Bosch Group","Nashik, Maharashtra, India","Full-time","102500.0","2023-03-28",""
550388,"Machine Learning Engineer","Fynd","Ahmedabad, Gujarat, India","Full-time","101029.0","2023-07-04",""
1585915,"Machine Learning Engineer","Eduauraa Technologies Pvt. Ltd","Andheri, Maharashtra, India","Full-time","101029.0","2023-04-20",""
1580806,"Machine Learning Engineer II","InMobi","Bengaluru, Karnataka, India","Full-time","101029.0","2023-09-01",""
1686323,"Machine Learning Engineer","NeuralSpace","Bengaluru, Karnataka, India","Full-time","101029.0","2023-08-05",""
88344,"Cosultant/Sr. Consultant, Data Analyst - DBA","Fresh Gravity","Pune, Maharashtra, India","Full-time","100500.0","2023-01-05",""
580497,"Pricing Data Analyst","Etraveli Group","Mumbai, Maharashtra, India","Full-time","100500.0","2023-07-31",""
112064,"Senior Associate CSR/ESG Data Analyst","Publicis Groupe","Bengaluru, Karnataka, India","Full-time","100500.0","2023-06-26",""
758031,"Data Analyst","Openlogix Corporation","Visakhapatnam, Andhra Pradesh, India","Full-time","100500.0","2023-06-07",""
729465,"Data Analyst - Air Content","Etraveli Group","Mumbai, Maharashtra, India","Full-time","98500.0","2023-04-13",""
315816,"Data Analyst - Upstream","Energy Aspects Ltd","Kolkata, West Bengal, India","Full-time","98500.0","2023-05-11",""
687105,"Data Engineering Analyst (R-13585)","Dun & Bradstreet","Hyderabad, Telangana, India","Full-time","98301.5","2023-01-11",""
1588905,"Go Share - Senior Data Engineer – Visa AI as Services","Visa","Bengaluru, Karnataka, India","Full-time","98283.0","2023-03-02",""
496232,"Graduate Data Engineer","YouGov","Mumbai, Maharashtra, India","Full-time","97444.0","2023-06-05",""
743029,"Associate Data Engineer | Velotio Technologies","Velotio","Pune, Maharashtra, India","Full-time","97444.0","2023-06-27",""
1109958,"Software Development Engineer in Test - I ( Data Engineering )","Junglee Games","Bengaluru, Karnataka, India","Full-time","96773.0","2023-08-07",""
66241,"REF37425Y - Associate Director - Data Engineering (Snowflake...","WNS Global Services","Chennai, Tamil Nadu, India","Full-time","96773.0","2023-04-04",""
758537,"Data Engineer","Reveal Health Tech","Bengaluru, Karnataka, India","Full-time","96773.0","2023-07-17",""
170202,"Data Engineer","Accellor","Hyderabad, Telangana, India","Full-time","96773.0","2023-03-03",""
149272,"Data Engineer (Gojoko Technologies)","Amplifi Capital","Noida, Uttar Pradesh, India","Full-time","96773.0","2023-02-28",""
101830,"Associate Data Engineer II, Nifty Gateway","Gemini","Gurugram, Haryana, India","Full-time","96773.0","2023-07-10",""
202955,"Data Engineer (Bengaluru)","Prophecy","Bengaluru, Karnataka, India","Full-time","96773.0","2023-05-29",""
1397851,"Data Engineer - Pyspark","Capco","Pune, Maharashtra, India","Full-time","96773.0","2023-07-11",""
134375,"Senior Associate Data Engineering L2 DE - Big Data AWS","Publicis Groupe","India","Full-time","96773.0","2023-04-15",""
1418227,"Senior Associate Data Engineering L2 DE-Big Data GCP","Publicis Groupe","India","Full-time","96773.0","2023-02-14",""
1230403,"India - Assistant Manager - Data Engineer (Marketing Mix Modeling...","WNS Global Services","Gurugram, Haryana, India","Full-time","96773.0","2023-04-12",""
611817,"Data Engineer","IntegriChain","Pune, Maharashtra, India","Full-time","96773.0","2023-03-21",""
511925,"Associate Data Engineer (R-14337)","Dun & Bradstreet","Hyderabad, Telangana, India","Full-time","96773.0","2023-06-23",""
13114,"Data Engineer - Kolkata","Energy Aspects Ltd","Kolkata, West Bengal, India","Full-time","96773.0","2023-06-02",""
1758079,"Consultant / Sr Consultant - QA Data Engineer","Fresh Gravity","Pune, Maharashtra, India","Full-time","96773.0","2023-06-14",""
1460510,"Data Engineer","Decision Foundry","Bengaluru, Karnataka, India","Full-time","96773.0","2023-06-06",""
705573,"Data Engineer","Pollen Tech Pte Ltd","Bengaluru, Karnataka, India","Full-time","96773.0","2023-07-21",""
335376,"Data Engineer","TIGI HR Solution Pvt. Ltd.","Indore, Madhya Pradesh, India","Full-time","96760.5","2023-01-10",""
1494157,"Principal Data Engineer","Visa","Bengaluru, Karnataka, India","Full-time","93600.0","2023-04-10",""
940056,"POD Lead / Project Manager - Big data","Capco","Bengaluru, Karnataka, India","Full-time","93600.0","2023-02-28",""
1008469,"Cloud SDM-Data Analytics and Visualization","Bosch Group","Bengaluru, Karnataka, India","Full-time","93600.0","2023-01-25",""
1064887,"Applied Analytics and Decision Science Lead APAC","Syngenta Group","Hyderabad, Telangana, India","Full-time","93600.0","2023-01-31",""
975927,"Director, Business, Technology Integration & Data Operations","Diligent Corporation","Bengaluru, Karnataka, India","Full-time","93600.0","2023-04-11",""
1561429,"Computer Vision/ML Lead","Entrupy","Bengaluru, Karnataka, India","Full-time","93600.0","2023-01-07",""
1218280,"Financial Data Analyst","Loop Health","India","Full-time","93600.0","2023-05-02",""
58293,"Director, Data Science","Visa","Bengaluru, Karnataka, India","Full-time","93600.0","2023-06-07",""
1815416,"Director - Product Data Analysis","H&M Group","Bengaluru, Karnataka, India","Full-time","93600.0","2023-03-09",""
923979,"VP Data Science","Dream Sports","Mumbai, Maharashtra, India","Full-time","93600.0","2023-05-01",""
250677,"Analyst/Associate, Data Engineering- Gen AI, Portfolio Management...","BlackRock","India","Full-time","92500.0","2023-12-12",""
1182849,"Drug Discovery Associate Data Scientist - Hyderabad","Schrödinger","Hyderabad, Telangana, India","Full-time","90670.0","2023-07-08",""
166248,"Data Specialist","Gartner","India","Full-time","90000.0","2023-12-22",""
544240,"Healthcare Research & Data Analyst","Clarivate","India","Full-time","89118.0","2023-11-08",""
649861,"Associate Data Scientist","Tesco Bengaluru","Bengaluru, Karnataka, India","Full-time","88128.0","2023-04-06",""
1194441,"Data Scientist","Aryng","Gurugram, Haryana, India","Full-time","88128.0","2023-02-23",""
185934,"Lead Associate - Ops (Data Scientist)","WNS Global Services","Gurugram, Haryana, India","Full-time","88128.0","2023-01-27",""
1351406,"Data Scientist","Innovaccer","Noida, Uttar Pradesh, India","Full-time","87705.0","2023-05-18",""
1430506,"Business Data Scientist","Kinaxis","Chennai, Tamil Nadu, India","Full-time","87705.0","2023-05-11",""
930740,"Data Scientist","TIGI HR Solution PVT. LTD.","Ahmedabad, Gujarat, India","Full-time","87307.5","2023-01-10",""
171649,"Analytics Engineer","Statistics & Data Corporation (SDC)","Hyderabad, Telangana, India","Full-time","81000.0","2023-01-04",""
941629,"Data Analytics Engineer","Greenlight","Bengaluru, Karnataka, India","Full-time","80000.0","2023-07-11",""
1229308,"Data Analytics Engineer","Bosch Group","Bengaluru, Karnataka, India","Full-time","80000.0","2023-08-25",""
633451,"Data Infrastructure Engineer","Ninja Van","Hyderabad, Telangana, India","Full-time","79200.0","2023-04-03",""
522586,"Architect : Digital Natives (Data & AI)","Databricks","Bengaluru, Karnataka, India","Full-time","79200.0","2023-04-27",""
902821,"Senior Data Quality Specialist","Wiser Solutions","Vadodara, Gujarat, India","Full-time","79200.0","2023-07-25",""
11845,"Principal Data Engineer","Verisk","Hyderabad, Telangana, India","Full-time","79200.0","2023-04-04",""
612702,"Senior Staff/ Staff Engineer(Python | Spark | Delta Lake | GraphDB...","Zscaler","Hyderabad, Telangana, India","Full-time","79200.0","2023-06-03",""
119975,"Technology Consultant - Cloud Data Fusion","Kinaxis","Chennai, Tamil Nadu, India","Full-time","79200.0","2023-01-06",""
185517,"Trading BI Developer","Sportradar","India","Full-time","79200.0","2023-06-13",""
162180,"Data Modeller","Capco","Bengaluru, Karnataka, India","Full-time","79200.0","2023-03-06",""
118192,"Engineer (Python Developer- Machine Learning)","NielsenIQ","Chennai, Tamil Nadu, India","Full-time","79200.0","2023-05-09",""
649683,"Sr Software Engineer-Bigdata","ServiceNow","Hyderabad, Telangana, India","Full-time","79200.0","2023-03-07",""
1721765,"Delivery Solutions Architect : Big Data","Databricks","India","Full-time","79200.0","2023-06-08",""
1586379,"Cybersecurity Engineer - Java , Big Data , HDFS, Spark, Kafka","Visa","Bengaluru, Karnataka, India","Full-time","79200.0","2023-04-11",""
776503,"Sr Software Engineer(Power bi, SSRS)","Altera Digital Health","Pune, Maharashtra, India","Full-time","79200.0","2023-09-04",""
949425,"Sr Staff Software Engineer - Java, Kafka/Spark, Springboot","Zscaler","Bengaluru, Karnataka, India","Full-time","79200.0","2023-03-07",""
733296,"Data Integration and Business Intelligence Analyst","Miratech","India","Full-time","79200.0","2023-07-27",""
720545,"Lead Data Analyst","Publicis Groupe","Bengaluru, Karnataka, India","Full-time","79200.0","2023-06-10",""
574429,"AI Solution Manager/Senior AI Solution Manager","C3.ai","Bengaluru, Karnataka, India","Full-time","79200.0","2023-01-12",""
534337,"Product Engineer I - Big Data","Experian","Mumbai, Maharashtra, India","Full-time","79200.0","2023-06-20",""
152699,"Ai Research Engineer","AlphaSense","India","Full-time","79200.0","2023-08-14",""
363652,"Lead - Data Analytics","Sutherland","Hyderabad, Telangana, India","Full-time","79200.0","2023-07-04",""
483959,"Business Intelligence Engineer","Amazon.com","Bengaluru, Karnataka, India","Full-time","79200.0","2023-06-21",""
1121916,"Principal Engineer – Artificial Intelligence / Machine Learning","ION Group","Noida, Uttar Pradesh, India","Full-time","79200.0","2023-09-04",""
1152715,"Data and ML Ops Engineer","Bosch Group","Bengaluru, Karnataka, India","Full-time","79200.0","2023-06-20",""
47710,"Senior Software Engineer - .NET + Python (Data Science & AI)","Icertis","Pune, Maharashtra, India","Full-time","79200.0","2023-08-30",""
1586399,"Senior/Principal Software Engineer - Data Analytics","PubMatic","Pune, Maharashtra, India","Full-time","79200.0","2023-01-02",""
1665774,"Senior Associate-Master Data Management","Tesco Bengaluru","Bengaluru, Karnataka, India","Full-time","79200.0","2023-01-10",""
1672916,"Azure Data Engineer","Hitachi Solutions","India","Full-time","79200.0","2023-08-14",""
1793913,"Senior Applied Machine Learning Engineer","EarnIn","Bengaluru, Karnataka, India","Full-time","79200.0","2023-07-25",""
163022,"Solutions Architect  - Enterprise (Big Data/AI)","Databricks","Bengaluru, Karnataka, India","Full-time","79200.0","2023-02-27",""
675862,"Data Quality Engineer | Hybrid, Bangalore, India","Optiv","Bengaluru, Karnataka, India","Full-time","79200.0","2023-05-09",""
1480811,"IND (New) ML Ops Engineer","Quantium","Hyderabad, Telangana, India","Full-time","79200.0","2023-02-07",""
1431198,"Research Analyst, ICQA","Amazon.com","Lucknow, Uttar Pradesh, India","Full-time","79200.0","2023-03-06",""
1338447,"Staff Software Engineer - Full Stack - Big Data","ServiceNow","Hyderabad, Telangana, India","Full-time","79200.0","2023-06-28",""
494750,"BI Developer II - Tableau and Looker (India)","Vimeo, Inc.","Bengaluru, Karnataka, India","Full-time","79200.0","2023-08-09",""
517192,"Power BI Developer","Capco","Bengaluru, Karnataka, India","Full-time","79200.0","2023-03-27",""
1246290,"Senior Big Data Developer","Smartek21.com","Chennai, Tamil Nadu, India","Full-time","79200.0","2023-04-14",""
684890,"Data Modelling","WNS Global Services","Gurugram, Haryana, India","Full-time","79200.0","2023-04-12",""
770934,"Azure Data Architect","Bosch Group","Bengaluru, Karnataka, India","Full-time","79200.0","2023-02-16",""
1102295,"Principal Engineer - Data Integrations","Clari","Bengaluru, Karnataka, India","Full-time","79200.0","2023-06-15",""
860323,"Staff Data Engineer","Visa","Bengaluru, Karnataka, India","Full-time","79200.0","2023-03-13",""
1255857,"Principal Engineer, Data Productivity","Atlassian","Bengaluru, Karnataka, India","Full-time","79200.0","2023-05-17",""
1345881,"Architect : Big Data / ML","Databricks","Bengaluru, Karnataka, India","Full-time","79200.0","2023-06-26",""
1381809,"BigData DevOps Engineer","Experian","Hyderabad, Telangana, India","Full-time","79200.0","2023-02-28",""
101010,"Sr Manager, Solutions Architecture : Big Data","Databricks","Mumbai, Maharashtra, India","Full-time","79200.0","2023-03-23",""
357905,"Data Pipeline Engineer","Palo Alto Networks","Bengaluru, Karnataka, India","Full-time","79200.0","2023-05-25",""
380934,"BI Developer","Pattern","Pune, Maharashtra, India","Full-time","79200.0","2023-02-13",""
756958,"Manager - Data Science","BitGo","Bengaluru, Karnataka, India","Full-time","79200.0","2023-05-12",""
803365,"Computer Vision Developer (R&D)","Bosch Group","Bengaluru, Karnataka, India","Full-time","79200.0","2023-02-18",""
1451448,"Business Intelligence Developer 2","Publicis Groupe","Bengaluru, Karnataka, India","Full-time","79200.0","2023-05-04",""
1032002,"Lead Data Analyst","Innovaccer","Noida, Uttar Pradesh, India","Full-time","79200.0","2023-03-10",""
988744,"Staff Data Engineer","Visa","Bengaluru, Karnataka, India","Full-time","79200.0","2023-05-04",""
955384,"Big Data Solutions Data Science","Tookitaki","Bengaluru, Karnataka, India","Full-time","79200.0","2023-03-22",""
328019,"Solution Architect – Big Data","Smartek21.com","Chennai, Tamil Nadu, India","Full-time","79200.0","2023-06-20",""
1554778,"Senior Big Data DevOps & Deployment Engineer","ServiceNow","Bengaluru, Karnataka, India","Full-time","79200.0","2023-07-07",""
1593291,"Test Automation Developer (Python) - Machine Learning","Kinaxis","Chennai, Tamil Nadu, India","Full-time","79200.0","2023-04-19",""
130330,"Lead Data Science Engineer","Vialto Partners","Hyderabad, Telangana, India","Full-time","79200.0","2023-02-13",""
130988,"Staff Software Engineer - Python Developer (AI/ML)","ServiceNow","Hyderabad, Telangana, India","Full-time","79200.0","2023-07-12",""
86556,"Databricks - SONY","Hitachi Solutions","Bengaluru, Karnataka, India","Full-time","79200.0","2023-05-31",""
946964,"Group Manager - Data Science","WNS Global Services","Bengaluru, Karnataka, India","Full-time","79200.0","2023-01-25",""
730092,"Staff Machine Learning Engineer","ServiceNow","Hyderabad, Telangana, India","Full-time","79200.0","2023-01-09",""
732163,"Sr Delivery Solutions Architect : Big Data","Databricks","Mumbai, Maharashtra, India","Full-time","79200.0","2023-03-29",""
776925,"Sr. Director/Head of AI/ML Solutions","Reltio","Bengaluru, Karnataka, India","Full-time","79200.0","2023-07-03",""
560376,"Solutions Architect : Big Data , Enterprise","Databricks","Mumbai, Maharashtra, India","Full-time","79200.0","2023-05-10",""
1265653,"Senior Associate-Applied Data Science","Tesco Bengaluru","Bengaluru, Karnataka, India","Full-time","79200.0","2023-03-07",""
341759,"Data Software Engineer, Finance Engineering","Stripe","Bengaluru, Karnataka, India","Full-time","79200.0","2023-02-23",""
1656171,"Senior Product Manager - Metrics (Chennai)","Appian","Chennai, Tamil Nadu, India","Full-time","79200.0","2023-06-19",""
171863,"Digital and Data Science Head","Syngenta Group","Pune, Maharashtra, India","Full-time","79200.0","2023-07-26",""
1582124,"Staff Data Scientist","Databricks","Bengaluru, Karnataka, India","Full-time","79200.0","2023-05-24",""
1506650,"Product Owner with Tableau/Power BI(6 to 10 years)","insightsoftware","Bengaluru, Karnataka, India","Full-time","79200.0","2023-06-06",""
1386366,"Senior Software Engineer - Big Data","Freshworks","Chennai, Tamil Nadu, India","Full-time","79200.0","2023-08-04",""
473336,"MLOPs Engineer","Bosch Group","Bengaluru, Karnataka, India","Full-time","79200.0","2023-02-21",""
531583,"Data Quality Expert","Trusting Social","Pune, Maharashtra, India","Full-time","79200.0","2023-01-09",""
1074511,"Researcher- Computer Vision","Bosch Group","Bengaluru, Karnataka, India","Full-time","79200.0","2023-05-13",""
592421,"Staff Software Engineer (MTS 5) ETL Team","Cohesity","Bengaluru, Karnataka, India","Full-time","79200.0","2023-03-31",""
1365301,"Principal Data Engineer","GSK","India","Full-time","79200.0","2023-11-07",""
1685561,"Senior Master Data Management (MDM) Analyst","Elastic","Bengaluru, Karnataka, India","Full-time","79200.0","2023-07-17",""
390564,"Data Engineer- Threat Research","Menlo Security","Bengaluru, Karnataka, India","Full-time","79200.0","2023-03-15",""
1820899,"Senior Product Manager AI/ML","InMobi","Bengaluru, Karnataka, India","Full-time","79200.0","2023-01-25",""
1502696,"Principal Software Engineer – Data Analytics","PubMatic","Pune, Maharashtra, India","Full-time","79200.0","2023-08-29",""
1235535,"Big Data Solutions Engineer","Tookitaki","Bengaluru, Karnataka, India","Full-time","79200.0","2023-03-24",""
682691,"Bosch Group Employee Data Management & Org. Management  HRS-IN","Bosch Group","Bengaluru, Karnataka, India","Full-time","79200.0","2023-07-07",""
692474,"AI Solution Architect (Pre-Sales)","C3.ai","Bengaluru, Karnataka, India","Full-time","79200.0","2023-02-02",""
843325,"IN BGSW SystemTester AutonomousDriving EXM 2023 (Cloe)","Bosch Group","Bengaluru, Karnataka, India","Full-time","79200.0","2023-06-02",""
1390061,"Big Data Developer & Analyst","Experian","Hyderabad, Telangana, India","Full-time","79200.0","2023-01-17",""
1671671,"Engineering Manager - Data Analytics","PubMatic","Pune, Maharashtra, India","Full-time","79200.0","2023-01-20",""
1678673,"MLOps Architect","Bosch Group","Bengaluru, Karnataka, India","Full-time","79200.0","2023-01-04",""
547671,"Senior Manager, Data Sciences and Business Analytics","Atlassian","Bengaluru, Karnataka, India","Full-time","79200.0","2023-01-19",""
313123,"Principal Solutions Architect - Big Data / AI","Databricks","Mumbai, Maharashtra, India","Full-time","79200.0","2023-02-28",""
509763,"BI Developer","Armis Security","New Delhi, Delhi, India","Full-time","79200.0","2023-01-30",""
260085,"Senior Data Integrity Specialist, Sales Operations & Administration","Talend","Bengaluru, Karnataka, India","Full-time","79200.0","2023-02-16",""
542099,"Artificial Intelligence Engineer","Pattern","Pune, Maharashtra, India","Full-time","79200.0","2023-06-01",""
1434330,"Data Operations Lead (India)","Addepar","Pune, Maharashtra, India","Full-time","79200.0","2023-03-30",""
209893,"Business Intelligence Developer","Pure Storage","Bengaluru, Karnataka, India","Full-time","79200.0","2023-05-11",""
1567580,"Software Engineer - Data Science, Tableau, MS SQL, python, AWS","NECSWS","Mumbai, Maharashtra, India","Full-time","79200.0","2023-07-15",""
1579983,"Staff Engineer - Data Analytics","Western Digital","Bengaluru, Karnataka, India","Full-time","79200.0","2023-01-07",""
118527,"Business Intelligence Engineer, Global AR Data Analytics","Amazon.com","Hyderabad, Telangana, India","Full-time","79200.0","2023-04-13",""
173506,"Sr Specialist- QUADS (Quantitative/Statistical Data Analysis)","Gartner","India","Full-time","79200.0","2023-11-01",""
1559676,"Senior Executive - Data Operations","Dream Sports","Mumbai, Maharashtra, India","Full-time","79200.0","2023-06-27",""
195199,"Senior Software Engineer - ML Platform","Toast","Bengaluru, Karnataka, India","Full-time","79200.0","2023-04-04",""
355261,"Engineer - Mid ( Python ,Big Data)","NielsenIQ","Pune, Maharashtra, India","Full-time","79200.0","2023-07-14",""
1240458,"AI Solution Manager– Oil & Gas","C3.ai","Bengaluru, Karnataka, India","Full-time","79200.0","2023-05-11",""
769789,"Principal Member Technical Staff (Platform- Data Analytics)","Model N","Hyderabad, Telangana, India","Full-time","79200.0","2023-01-19",""
1173016,"Power BI Developer","Hitachi Solutions","Pune, Maharashtra, India","Full-time","79200.0","2023-03-04",""
1114006,"Sr Solutions Architect - Big Data","Databricks","Bengaluru, Karnataka, India","Full-time","79200.0","2023-07-14",""
1050415,"Senior Analyst, Data Science (R-14532)","Dun & Bradstreet","Hyderabad, Telangana, India","Full-time","79200.0","2023-06-09",""
953140,"Engineering Manager - Data Science","Freshworks","Chennai, Tamil Nadu, India","Full-time","79200.0","2023-03-18",""
598228,"Senior AI Engineer","Pattern","Pune, Maharashtra, India","Full-time","79200.0","2023-05-31",""
103961,"Lead Data Modeler/Developer for Business Analytics application","Bosch Group","Bengaluru, Karnataka, India","Full-time","79200.0","2023-02-04",""
545065,"Manager, Data Science","NielsenIQ","Vadodara, Gujarat, India","Full-time","79200.0","2023-07-01",""
207480,"Financial Data Analyst","Visa","Bengaluru, Karnataka, India","Full-time","79200.0","2023-04-11",""
378717,"Lead-Data Science","Innovaccer","Noida, Uttar Pradesh, India","Full-time","79200.0","2023-04-14",""
292732,"Data Visualization Engineer","Simpplr","Gurugram, Haryana, India","Full-time","79200.0","2023-05-16",""
327480,"Lead SQA Machine Learning Firmware Test Engineer","Axiado","Hyderabad, Telangana, India","Full-time","79200.0","2023-04-01",""
1823680,"R&D Staff Software Development Engineer 2( Java and Spark)","Sopra Steria","Noida, Uttar Pradesh, India","Full-time","79200.0","2023-08-28",""
1148968,"Senior/Principal Software Development Engineer in Test – Big Data","PubMatic","Pune, Maharashtra, India","Full-time","79200.0","2023-01-03",""
1484452,"Member Of Technical Staff -Machine Learning","ThoughtSpot","Bengaluru, Karnataka, India","Full-time","79200.0","2023-02-20",""
215659,"Sr Mgr, Data Science Mgmt","ServiceNow","Hyderabad, Telangana, India","Full-time","79200.0","2023-08-22",""
1072197,"IT Developer (ETL)","Yext","Hyderabad, Telangana, India","Full-time","79200.0","2023-04-21",""
1369794,"Senior/Principal Software Development Engineer in Test - (Machine...","PubMatic","Pune, Maharashtra, India","Full-time","79200.0","2023-04-04",""
1476583,"Product Management-Senior Product Manager - Data Product ...","Paytm","Noida, Uttar Pradesh, India","Full-time","79200.0","2023-06-27",""
1488177,"AI Architect","Bosch Group","Bengaluru, Karnataka, India","Full-time","79200.0","2023-02-27",""
924840,"Software Development Engineer- Big Data Platform","LivePerson","India","Full-time","79200.0","2023-04-25",""
563753,"Senior Software Development Engineer in Test (AI SaaS Company)","SkyPoint Cloud","Bengaluru, Karnataka, India","Full-time","79200.0","2023-07-18",""
250250,"Big Data Architect","Databricks","Bengaluru, Karnataka, India","Full-time","79200.0","2023-05-01",""
989706,"Data Analyst - Price hub","Cargill","India","Full-time","75067.5","2023-12-22",""
886107,"Machine Learning Manager","PubMatic","Pune, Maharashtra, India","Full-time","72000.0","2023-08-18",""
1565862,"MSBI Developer","Sutherland","Chennai, Tamil Nadu, India","Full-time","72000.0","2023-06-26",""
174798,"Data Visualization Specialist","Pythian","Hyderabad, Telangana, India","Full-time","72000.0","2023-03-14",""
1236600,"Lead - Computer Vision and ML Researcher","Fynd","Mumbai, Maharashtra, India","Full-time","72000.0","2023-01-27",""
50757,"Manager (DB/ETL)","dentsu international","Thane, Maharashtra, India","Full-time","72000.0","2023-08-18",""
945511,"DevOps Data Science Deployment Engineer","NielsenIQ","Mumbai, Maharashtra, India","Full-time","72000.0","2023-07-21",""
1528940,"Assistant Manager - MIS / Data Analysis","WNS Global Services","Mumbai, Maharashtra, India","Full-time","72000.0","2023-04-04",""
185609,"Data Science Engineer (Mumbai-based)","Marigold Health","Mumbai, Maharashtra, India","Full-time","72000.0","2023-03-28",""
1018519,"Data Analyst I","Bristol Myers Squibb","India","Full-time","71600.0","2023-11-28",""
593545,"Senior Software Engineer (ML/AI Models)","Soroco","Bengaluru, Karnataka, India","Full-time","71280.0","2023-07-17",""
1185239,"Junior Data Scientist","Version 1","Bengaluru, Karnataka, India","Full-time","70000.0","2023-07-14",""
38399,"Data Scientist","Avaloq","Pune, Maharashtra, India","Full-time","70000.0","2023-06-12",""
60542,"Data Scientist - Forward Engineering","Tookitaki","Bengaluru, Karnataka, India","Full-time","69962.5","2023-03-06",""
1470040,"AI Scientist","Uniphore","India","Full-time","69434.0","2023-11-24",""
554680,"Machine Learning Engineer","Axiado","Hyderabad, Telangana, India","Full-time","69000.0","2023-06-15",""
550406,"Snr. Machine Learning Engineer (Position located in Bengaluru, India)","KnowBe4, Inc.","Bengaluru, Karnataka, India","Full-time","69000.0","2023-02-14",""
459157,"Machine Learning Engineer","Axiado","Hyderabad, Telangana, India","Full-time","69000.0","2023-03-31",""
526231,"Associate  Business Intelligence Analyst","Conga","Ahmedabad, Gujarat, India","Full-time","64800.0","2023-07-14",""
1540319,"Data Science Lead Technologist","Lloyd's Register","India","Full-time","64800.0","2023-12-09",""
454121,"Senior Software Engineer (Power BI) -ELECTION-46","Civica UK Ltd","Vadodara, Gujarat, India","Full-time","64800.0","2023-06-09",""
867802,"Research Analyst I - Defence Data Development","Janes","Bengaluru, Karnataka, India","Full-time","64800.0","2023-05-30",""
406833,"Senior Associate L1 DE-Big Data AWS","Publicis Groupe","Hyderabad, Telangana, India","Full-time","64800.0","2023-07-15",""
258916,"Big Data Senior Engineer","Skan","Bengaluru, Karnataka, India","Full-time","64800.0","2023-02-24",""
636865,"Data Modeller","Capco","Bengaluru, Karnataka, India","Full-time","64800.0","2023-02-23",""
235803,"Sr. Manager - Data Science (ML, Python, Modelling)","Visa","Bengaluru, Karnataka, India","Full-time","64800.0","2023-12-01",""
1072806,"Power BI Developer","Dew Software","Bengaluru, Karnataka, India","Full-time","64800.0","2023-06-29",""
1788407,"HSO GS - AI/ML | 5-7 Years","HSO","Bengaluru, Karnataka, India","Full-time","64800.0","2023-05-30",""
189765,"Analyst 4, Data Analytics","Western Digital","Bengaluru, Karnataka, India","Full-time","64800.0","2023-12-24",""
507740,"Senior Data Quality and Governance Analyst","JLL","India","Full-time","64800.0","2023-11-29",""
137186,"Manager Business Process Analyst-ETL / Datastage Senior Admin","Teva Pharmaceuticals","India","Full-time","64800.0","2023-12-22",""
214915,"Associate Manager - Data Analytics","Sutherland","Hyderabad, Telangana, India","Full-time","64800.0","2023-01-18",""
407892,"Business Intelligence Developer","Allucent","Chennai, Tamil Nadu, India","Full-time","64800.0","2023-08-11",""
1581725,"AI Software Development Engineer","Intel","Bengaluru, Karnataka, India","Full-time","64800.0","2023-12-06",""
1398589,"Senior Consultant - Tech Consulting -Azure Data Engineer - Kochi","EY","India","Full-time","64800.0","2023-12-19",""
538305,"Senior Analyst - Business Intelligence","Marsh McLennan","India","Full-time","64800.0","2023-12-13",""
1047461,"ETL Python Automation Tester","1st-Recruit LLC","Pune, Maharashtra, India","Full-time","64800.0","2023-01-10",""
1063719,"ETL & DB Engineer","Zeta Global","Hyderabad, Telangana, India","Full-time","64800.0","2023-03-07",""
1401644,"REF38585A - Associate Director - Data Management","WNS Global Services","Bengaluru, Karnataka, India","Full-time","64800.0","2023-01-19",""
1217071,"AI Generated Content (AIGC) Rewriter - Hindi (India)","Welocalize","India","Full-time","64800.0","2023-04-25",""
76732,"Data Analytics and Reporting Lead","Civica UK Ltd","Vadodara, Gujarat, India","Full-time","64800.0","2023-04-13",""
306376,"Project Associate - Data Analytics (Contract)","Array","India","Contractor","64800.0","2023-09-01",""
202497,"Senior Associate L1 DE-Big Data Azure","Publicis Groupe","Bengaluru, Karnataka, India","Full-time","64800.0","2023-07-15",""
1797441,"IT Data Analytic Architect - Biopharma Commercial","Merck Group","India","Full-time","64800.0","2023-12-22",""
1118074,"Sr Director, Data Science","Gartner","India","Full-time","64800.0","2023-12-15",""
1612794,"Senior Associate Data Analytics L1","Publicis Groupe","Gurugram, Haryana, India","Full-time","64800.0","2023-02-09",""
1354292,"Senior Lead - Big Data Engineer","S&P Global","India","Full-time","64800.0","2023-12-28",""
1510360,"Senior Associate - Data Integrity & System","Publicis Groupe","Gurugram, Haryana, India","Full-time","64800.0","2023-02-03",""
944186,"Manager - Data Analytics","Myntra","Bengaluru, Karnataka, India","Full-time","64800.0","2023-01-17",""
1206041,"Senior Software Engineer- MLOps Platform DevOps Lead","Bristol Myers Squibb","India","Full-time","64800.0","2023-12-06",""
680822,"clinical data manager III","Allucent","Bengaluru, Karnataka, India","Full-time","64800.0","2023-03-09",""
946307,"Associate Data Analyst","Amwell","India","Full-time","64600.0","2023-07-12",""
640688,"Analyst","Nielsen","Anywhere","Full-time","60000.0","2023-10-31",1
1027936,"Software Engineer - NLP","Gartner","India","Full-time","59400.0","2023-11-20",""
119145,"Enterprise Data Architect","Accellor","Hyderabad, Telangana, India","Full-time","58320.0","2023-04-14",""
1441112,"Business/Data Analyst","Miratech","Gurugram, Haryana, India","Full-time","57500.0","2023-07-13",""
667697,"Data Analyst - CRM","DAZN","Hyderabad, Telangana, India","Full-time","57500.0","2023-06-02",""
1813390,"Data Analyst","Verisk","New Delhi, Delhi, India","Full-time","57500.0","2023-06-29",""
663306,"Data Analyst","Freshworks","Chennai, Tamil Nadu, India","Full-time","57500.0","2023-05-27",""
299655,"Graduate Data Analyst","YouGov","Mumbai, Maharashtra, India","Full-time","57500.0","2023-07-12",""
722446,"Junior Data Analyst","WPP","Mumbai, Maharashtra, India","Full-time","57500.0","2023-08-08",""
671340,"Business Data Analyst","NetApp","India","Full-time","54988.0","2023-12-16",""
1614840,"Product Engineer I - Matching/ Data Analyst","Experian","Mumbai, Maharashtra, India","Full-time","53014.0","2023-03-21",""
1157992,"Assistant Mgr - Data Sciences","WNS Global Services","Gurugram, Haryana, India","Full-time","50400.0","2023-06-13",""
900123,"Chatbot Developer","Sinch","Noida, Uttar Pradesh, India","Full-time","50400.0","2023-07-20",""
833077,"Data Quality Analyst","IntegriChain","Pune, Maharashtra, India","Full-time","50400.0","2023-03-15",""
1477266,"Jr Power BI Developer with (SQL /Python)","Verisk","New Delhi, Delhi, India","Full-time","50400.0","2023-01-14",""
1039563,"Graduate Power BI Developer","YouGov","Mumbai, Maharashtra, India","Full-time","50400.0","2023-06-17",""
1273168,"BI Developer","Ramboll","Chennai, Tamil Nadu, India","Full-time","50400.0","2023-07-11",""
586206,"Scientist 3, Data Science","Western Digital","Bengaluru, Karnataka, India","Full-time","50400.0","2023-03-11",""
59394,"Research Analyst I - Defence Data Development","Janes","Bengaluru, Karnataka, India","Full-time","50400.0","2023-07-17",""
566080,"EDI Enrollment Analyst","Sutherland","Hyderabad, Telangana, India","Full-time","50400.0","2023-04-21",""
472469,"Business Data Analyst","Capco","Mumbai, Maharashtra, India","Full-time","49566.5","2023-05-03",""
1574773,"Big Data Engineer","SiteMinder","Bengaluru, Karnataka, India","Full-time","45000.0","2023-08-07",""
973259,"Sr. Big Data Engineer","Skan","Bengaluru, Karnataka, India","Full-time","45000.0","2023-05-31",""
313090,"Senior Big Data Engineer","Nielsen","Mumbai, Maharashtra, India","Full-time","45000.0","2023-06-20",""
94549,"Senior Software Engineer (Big Data Engineer in Machine Learning)","PubMatic","Pune, Maharashtra, India","Full-time","45000.0","2023-08-30",""
940927,"Big Data Engineer - Contract","Tookitaki","Bengaluru, Karnataka, India","Full-time","45000.0","2023-01-13",""
595313,"Azure Big Data Engineer","Bosch Group","Bengaluru, Karnataka, India","Full-time","45000.0","2023-02-09",""
1075178,"Computer Vision Engineer","KoiReader Technologies","Bengaluru, Karnataka, India","Full-time","44418.5","2023-01-22",""
564925,"OCR/Computer Vision Engineer","Capco","Bengaluru, Karnataka, India","Full-time","44418.5","2023-02-22",""
486787,"Business Intelligence Professional","BT Group","India","Full-time","43200.0","2023-12-14",""
557693,"Engineer - DocData Management","Shell","India","Full-time","43200.0","2023-12-14",""
332748,"Associate Director, DS and AI Solutions","Bristol Myers Squibb","India","Full-time","43200.0","2023-11-24",""
606817,"Data Visualization Engineer II","Bristol Myers Squibb","India","Full-time","43200.0","2023-11-24",""
508343,"Senior Data Engineer (GCP)","Dforth Technlogies","Anywhere","Full-time","35000.0","2023-08-21",1
482089,"ML / AI Engineer","Datacy","Anywhere","Full-time","32500.0","2023-12-23",1
1696350,"Analyst Invoice Processing (Data Operations)","BlackRock","India","Full-time","32400.0","2023-11-23",""
